order_id,customer,customer_tier,sku,quantity,due_date,ship_from_warehouse,order_value,late_penalty_per_day
SO-9001,Apex Robotics,A,MTR-220,120,2026-10-02,DAL-DC,21600,500
SO-9002,Lonestar Automation,B,MTR-220,150,2026-10-05,DAL-DC,25500,150
SO-9003,Apex Robotics,A,MTR-220,200,2026-10-09,DAL-DC,36000,500
SO-9004,Brazos Packaging,C,MTR-220,90,2026-10-12,DAL-DC,15300,0
SO-9005,Meridian Medical,A,MTR-220,250,2026-10-14,DAL-DC,47500,1200
SO-9006,Lonestar Automation,B,MTR-220,180,2026-10-21,DAL-DC,30600,150
SO-9007,Great Lakes Conveyor,B,MTR-220,160,2026-10-08,CHI-DC,27200,200
SO-9008,Apex Robotics,A,CTL-500,150,2026-10-03,DAL-DC,18000,300
SO-9009,Meridian Medical,A,CTL-500,250,2026-10-14,DAL-DC,31250,800
SO-9010,Brazos Packaging,C,CTL-500,200,2026-10-16,DAL-DC,22000,0
SO-9011,Great Lakes Conveyor,B,BRG-310,400,2026-10-03,CHI-DC,4800,100
SO-9012,Heartland Ag Equipment,A,BRG-310,600,2026-10-09,CHI-DC,7800,400
SO-9013,Midwest Pumps,C,BRG-310,500,2026-10-13,CHI-DC,5500,0
SO-9014,Heartland Ag Equipment,A,BRG-310,700,2026-10-17,CHI-DC,9100,400
SO-9015,Lonestar Automation,B,BRG-310,300,2026-10-06,DAL-DC,3900,75
